number ,User,Tweet
0,HiringCare,RT @lgbtqremotejobs: Remote job (open) Cozy üëâ Remote Digital Project Manager Apply here https://t.co/Hwo4rGE0dR #remotework #remotejobs #wo‚Ä¶
1,lgbtqremotejobs,Remote job (open) Cozy üëâ Remote Digital Project Manager Apply here https://t.co/Hwo4rGE0dR #remotework #remotejobs #workfromhome #wfh #remoteworking #projectmanager #projectmanagement  #lgbtq #lgbtqia #jobs #hiring
2,apinaud,"You should look for things that help you be even more flexible

#nooffice
#homeoffice
#workfromhome
#nozbeteams
#ipadonly
#personalproductivity
#productivity 
#GTD https://t.co/5uyPZWc5tu"
3,ProdVoice,"You should look for things that help you be even more flexible

#nooffice
#homeoffice
#workfromhome
#nozbeteams
#ipadonly
#personalproductivity
#productivity 
#GTD https://t.co/hE6iwvWqQO"
4,dating677,A Youtube vid you might like FREE GET PAID $695 IN 60 SECONDS https://t.co/znnnRB9Bnp #workathome #workfromhome #homebusiness #internetmarketing #onlinejobs #makemoneyonline
5,grahampaul096,"Win A free Make Money online Business In a box! Are you ready to start your affiliate marketing
business today? Thanks to @grahampaul096 and @appzthatrock: Enter now! #makemoneyonlne #affiliatemarketing #workfromhome https://t.co/bKOHjNptyw"
6,TheWealthZone,#WorkFromHome #NetworkMarketingSponsoring #InternetMarketing Your online business can be a desert area without sufficient site visitors ; https://t.co/a223dNPofJ  #LeadGen https://t.co/DpTKGuXEoa
7,FNAnetwork,"Copy &amp; Paste Our Done-For-You Campaigns That
makes $10k Monthly - No Risk!
üëáüëáüëá
https://t.co/ri96bIxgRe
#makemoneyonline #makemoneyfromhome #entrepreneur #success #affiliateprogram #affiliatemarketingforbeginners #affiliatemarketing #workfromhome https://t.co/82WuvxBct3"
8,marketingking4,"How to Create a Membership Site: Step By Step Guide
Having A Membership Site Can Radically Reduce All Those Income Nightmares. 
https://t.co/CJ0vRTj5wQ
#MembershipSite, #OnlineMarketing, #MakeExtraMoney, #WorkFromHome, #MakeMoneyOnline, https://t.co/VqrhyHYOWH"
9,OfertasVips,RT @TOANguy: https://t.co/GSL2WfK4Ks #toanmlm #homebusiness #smallbusiness #onlinebusiness #business #entrepreneur #businessowner #workfrom‚Ä¶
10,Up2staff,"@WordAgents is looking for a Needed: Freelance Writers for Flexible, Consistent, Ongoing Work #WorkFromHome #AllOtherRemote

https://t.co/lbpLxKAVse"
11,Up2staff,"@CRCloudOfficial is now hiring for a remote Visual Designer #WorkFromHome #Design

https://t.co/OwcoYkBOOo"
12,Up2staff,"@getgoskills needs a https://t.co/rlV2wiEG2r MVC Software Developer #WorkFromHome #FullStackProgramming

https://t.co/NOhePd4kPw"
13,Up2staff,"@binance is now looking for a Research Analyst Intern #WorkFromHome #AllOtherRemote

https://t.co/71eHDXFNhH"
14,Up2staff,"Want to be a remote Search Evaluation Raters at @AppenGlobal ? #WorkFromHome #AllOtherRemote

https://t.co/sfSHEBxSrU"
15,TOANguy,https://t.co/GSL2WfK4Ks #toanmlm #homebusiness #smallbusiness #onlinebusiness #business #entrepreneur #businessowner #workfromhome #supportsmallbusiness #bossbabe #businesspassion #businesstips #newbusiness #businessman #handmade #motivation #success https://t.co/TnOLf7MTUs
16,Lean4Lifetime,#BizTips #WorkFromHome Here is the proper way to produce unrestricted targeted traffic.. know-how here https://t.co/1Gz4Na0DYx https://t.co/oSMyNH1yhh
17,m0tivation_HQ,"EARN EASY MONEY ON THIS NEW ONLINE PLATFORM FREE EBOOK DOWNLOAD https://t.co/r1qweC0i0L

#makemoneyonline #makemoney #workfromhome #earnmoney #work #jobs #free #ebook #download #free-ebookdownload #affiliatemarketing https://t.co/IRyr3yByD0"
18,reporter_tv,'‡¥™‡µä‡¥§‡µÅ‡¥ó‡¥§‡¥æ‡¥ó‡¥§‡¥§‡µç‡¥§‡¥ø‡¥≤‡µç‚Äç ‡¥§‡¥ø‡¥∞‡¥ï‡µç‡¥ï‡µç ‡¥ï‡µÅ‡¥±‡¥Ø‡µç‡¥ï‡µç‡¥ï‡¥£‡¥Ç'; ‡¥∂‡µç‡¥∞‡µÄ‡¥≤‡¥ô‡µç‡¥ï‡¥Ø‡¥ø‡¥≤‡µç‚Äç ‡¥∏‡¥∞‡µç‚Äç‡¥ï‡µç‡¥ï‡¥æ‡¥∞‡µç‚Äç ‡¥ú‡µÄ‡¥µ‡¥®‡¥ï‡µç‡¥ï‡¥æ‡¥∞‡µç‚Äç‡¥ï‡µç‡¥ï‡µç ‡¥µ‡¥∞‡µç‚Äç‡¥ï‡µç‡¥ï‡µç ‡¥´‡µç‡¥∞‡¥Ç ‡¥π‡µã‡¥Ç #SrilankanCrisis #SriLanka #WorkFromHome https://t.co/uTpXuMXpVV
19,WorkAtHome_Info,RT @WorkAtHome_Info: Learning to start a successful online business starts here with Simon Coulson and the UK‚Äôs most up-to-date Internet Ma‚Ä¶
20,WorkAtHome_Info,"RT @WorkAtHome_Info: Looking To Build Your Online Business? Most online courses leave you to do it all by yourself, but if you partner with‚Ä¶"
21,WorkAtHome_Info,"RT @WorkAtHome_Info: For courses on how to set up your online business, how to outsource your business tasks and how to build your sales fu‚Ä¶"
22,ReporterTv_News,'‡¥™‡µä‡¥§‡µÅ‡¥ó‡¥§‡¥æ‡¥ó‡¥§‡¥§‡µç‡¥§‡¥ø‡¥≤‡µç‚Äç ‡¥§‡¥ø‡¥∞‡¥ï‡µç‡¥ï‡µç ‡¥ï‡µÅ‡¥±‡¥Ø‡µç‡¥ï‡µç‡¥ï‡¥£‡¥Ç'; ‡¥∂‡µç‡¥∞‡µÄ‡¥≤‡¥ô‡µç‡¥ï‡¥Ø‡¥ø‡¥≤‡µç‚Äç ‡¥∏‡¥∞‡µç‚Äç‡¥ï‡µç‡¥ï‡¥æ‡¥∞‡µç‚Äç ‡¥ú‡µÄ‡¥µ‡¥®‡¥ï‡µç‡¥ï‡¥æ‡¥∞‡µç‚Äç‡¥ï‡µç‡¥ï‡µç ‡¥µ‡¥∞‡µç‚Äç‡¥ï‡µç‡¥ï‡µç ‡¥´‡µç‡¥∞‡¥Ç ‡¥π‡µã‡¥Ç #SrilankanCrisis #SriLanka #WorkFromHome https://t.co/M6pfCze0gm
23,HowGetBestGuide,"How To Make Money Online From Home For Free https://t.co/pdsrAtT4Wu via @YouTube Get Click Home Income Test Drive: https://t.co/hgibJzzA9O
Best money making methods: https://t.co/qhcHvnOs3z
#ClickHomeIncome #workathomejobs #workfromhome #workfromhomejobs https://t.co/84wW3ejMW2"
24,WishToRetire,Discover the Best Way to Make Money Online: Affiliate Marketing vs. Network Marketing!  Which will win? ~ https://t.co/PWxpItlQhN  #WorkFromHome #DigitalMarketing https://t.co/EvKyBComcu
25,remotejobsninja,"New Remote Job üèÜüëáüèª

 Content Marketing https://t.co/BpyDwTf8aH #remotejobs #remote #remoteworking #workfromhome #homejobs #remotejob"
26,HowGetBestGuide,"How To Find Your Perfect ONLINE JOB https://t.co/gDPPx8IAgi via @YouTube Best Live Chat Jobs : https://t.co/lFAz8f0vz7
Make Money Online: https://t.co/8SICTm1km5
#MakeMoneyOnline #WorkFromHome #BestOnlinejobs #teamMoneyMakers #teens https://t.co/E9gOF6TfmJ"
27,lgbtqremotejobs,Dear candidates. Are you looking for legit work from home remote jobs from reputable companies that are hiring now? Come find your next gig at üëâhttps://t.co/equqzUVS13 #lgbtq #remotejobs #remotework #wfh #jobs #jobseekers #workfromhome #hiring #nomad #recruiting https://t.co/uwqAkBUcPq
28,EvansNthiwa,"Over 1,000 Corporations Have Curtailed Operations in Russia‚ÄîHowever Some Stay https://t.co/4CYHjPR1A6

Source link

The post Over 1,000 Corporations Have Curtailed Operations in Russia‚ÄîHowever Some Stayappeared first on - Evans Nthiwa. #passiveincome #makemoney #workfromhome #e‚Ä¶"
29,workingbnb,"RT @MoneyMaker_Guru: Tips for increasing productivity while remote working. Find ideas for work from home jobs, side hustles and businesses‚Ä¶"
30,career_vault,"RT @remotejobsninja: New Remote Job üèÜüëáüèª

 Executive Assistant III https://t.co/E6Xv2UHkuR #remotejobs #remote #remoteworking #workfromhome‚Ä¶"
31,MoneyMaker_Guru,"Tips for increasing productivity while remote working. Find ideas for work from home jobs, side hustles and businesses to make money online on our website https://t.co/qh016MEs9S

#remotework #work #WorkFromHome #Online #onlineincome #makemoneyonline https://t.co/TsY5nS7pLj"
32,ProdVoice,"You should have a routine to follow

#nooffice
#homeoffice
#workfromhome
#nozbeteams
#ipadonly
#personalproductivity
#productivity 
#GTD https://t.co/1YqudUb5wc"
33,apinaud,"You should have a routine to follow

#nooffice
#homeoffice
#workfromhome
#nozbeteams
#ipadonly
#personalproductivity
#productivity 
#GTD https://t.co/okNOrcSueq"
34,ramm_offl,"RT @Naveen_farmer: 1000 Days Challenge üëçüå≤üå≥üå¥ü™¥üçÄ‚òòÔ∏è
#farmhouse #friends #naveengarden #wfh #farmstay #workfromhome 
#naveenkrishnan #friends #a‚Ä¶"
35,Diabetes_Secret,A Youtube vid you might like FREE EARN $700 TODAY https://t.co/5Imc9wHDqI #workathome #workfromhome #homebusiness #internetmarketing #onlinejobs #makemoneyonline
36,TrevorVerska,"RT @Special41634264: Instantly Transform Any Text Into A 100% Human-Sounding #voiceover  with only 3 clicks!
üëâhttps://t.co/Ywem79vE3G
Use i‚Ä¶"
37,betterjobsearch,RT @LevaDuell: 15 Companies That Hire Medical Coders. How to Get Medical Coding Jobs. #medicalcoding #medicalbilling #medical #careers #job‚Ä¶
38,____sassycassie,Working through another Saturday‚Ä¶ the life of an advocate and resister. #Resist #Resistance #Advocate #WorkFromHome #WorkingOnSaturday
39,shakilkamran,RT @himalayasapp: üôÇ Joy is hiring a remote Engineering Leader Front-End #Joy #remotework #remotejob #workfromhome #WebDevelopment #GraphQL‚Ä¶
40,IncomeCollect,"Do You Want To Discover How To Generate Income
Online And Get Paid Instantly? Click The Link Below.
üëáüëáTo Get Started. Go Hereüëáüëá
https://t.co/MwiyV2mMvo
#extraincome #makemoneyonline  #howtomakemoney #affiliatemarketing #WorkFromHome #jobshiring #jobsearch https://t.co/v0dug1YrLQ"
41,OfficeSutra,"RT @FNAnetwork: Create Stunning Mobile Apps In The 
Hottest Niches In Under 2 Minutes Flat 
WITHOUT Tech Skills Or Experience...  https://t‚Ä¶"
42,workingbnb,"RT @zobjobsUS: Nurse Specialist - M-F, Remote, Full-Time, Day Shifts, and PTO - Oncology Cert Preferred
at Kroger

#WorkFromHome #workfroma‚Ä¶"
43,LevaDuell,15 Companies That Hire Medical Coders. How to Get Medical Coding Jobs. #medicalcoding #medicalbilling #medical #careers #jobs #workfromhome #wahm #Moms https://t.co/kUWKTszRjg https://t.co/p5WjI5hxPE
44,UlaPascal1742,RT @WorkCoachCafe: #SideHustleTips - Perfect and possible! How to Turn Your Hobby into #Income by @NancyCollamer -- https://t.co/CFP91apouc‚Ä¶
45,zobjobsUS,"Nurse Specialist - M-F, Remote, Full-Time, Day Shifts, and PTO - Oncology Cert Preferred
at Kroger

#WorkFromHome #workfromanywhere 
https://t.co/AMB3OKp3bk"
46,remotejobsninja,"New Remote Job üèÜüëáüèª

 Executive Assistant III https://t.co/E6Xv2UHkuR #remotejobs #remote #remoteworking #workfromhome #homejobs #remotejob"
47,zobjobsUS,"Property manager assistant, desk work, excellent english
at Upwork
Looking for an individual for a longterm professional relationship w...
#WorkFromHome #jobs 
https://t.co/NHNNTcpKno"
48,Biznocrats,"#financialfreedom #financialindependency #workfromhome #workfromyourmobilephone #startyourownbusiness #beyourownboss #makemoneywhileyousleep #passiveincome #multilevelincome #mlm #AffiliateMarketing...
Posted via Webtalk https://t.co/rF2A53DSW9"
49,zobjobsUS,"Senior Software Engineer, Settlement
at CyberCoders
Job Description Senior Software Engineer Settlement Job Title Senior Software Engineer Rem...
#WorkFromHome #WorkFromHomeJobs 
https://t.co/KbZN6JrJ8D"
50,OfficeRapids,"Looking to give your business a professional image? Want to keep your home address private? Get a professional mailbox at #OfficeEvolution #CedarRapids and get member discounts on meeting space.

#SmallBusiness #ProfessionalMailbox #POBox #Professional #WorkFromHome https://t.co/v24iPhUMDM"
51,TheWealthZone,#WorkFromHome #NetworkMarketingSponsoring #InternetMarketing The following wonderful website visitors generation strategy will show you tips to generate a sponsoring craze with internet marketing https://t.co/lZP7yEPtyi https://t.co/iyUIbsOizW
52,weworkremotely,"üåè New Remote Job!  Wordwall: Senior Full-Stack .NET developer  apply here: 
https://t.co/6UrLVcMmtK

#remotework #remotejobs #workfromhome #wfh #remoteworking #futureofwork"
53,FrontEndLoveBot,"RT @zobjobsUS: ReactJS Developer - GraphQL + Distributed Frontends
at Snap Raise
Job Description This is a fulltime position open to US rem‚Ä¶"
54,zobjobsUS,"ReactJS Developer - GraphQL + Distributed Frontends
at Snap Raise
Job Description This is a fulltime position open to US remote for the right c...
#reactjs #workfromhome #snapraise
https://t.co/RNlVGFxqWz"
55,ProdVoice,"When your goals aren't in writing, you often lose the oportunity of recognizing that you've reacher them and enjoying the victory.

#nooffice
#homeoffice
#workfromhome
#nozbeteams
#ipadonly
#personalproductivity
#productivity 
#GTD https://t.co/YLwmdBvzLy"
56,apinaud,"When your goals aren't in writing, you often lose the oportunity of recognizing that you've reacher them and enjoying the victory.

#nooffice
#homeoffice
#workfromhome
#nozbeteams
#ipadonly
#personalproductivity
#productivity 
#GTD https://t.co/yJYwMn8EXB"
57,FNAnetwork,"Create Stunning Mobile Apps In The 
Hottest Niches In Under 2 Minutes Flat 
WITHOUT Tech Skills Or Experience...  https://t.co/AjbB6mXI98 #Local #localagency #mobileapp #mobileapps #agency #localmarketing #makemoneyonline #WorkFromHome #entrepreneur #success https://t.co/S71DdYIBN1"
58,Odogwu_ElRoi,"RT @Leatherback_: Expats work with ease remotely. Reassured they can automate their payments by invoicing on Leatherback.

Apply and get th‚Ä¶"
59,LevelUpCoachMM,"7 Ways To Earn Passive Income Online

https://t.co/9Ac8kIih6D

#workfromhome #business"
60,RzlStores,"RT @cwadephotoart: My hand painted wooden signs are great to put in your home office! 

https://t.co/QQgJGZ9zOX

#ukgiftam #ukgifthour #wor‚Ä¶"
61,SeanGreentree,RT @SeanGreentree: Need an income? Check this out. I will mentor the FIRST 10 PEOPLE to click this link and sign up for FREE. https://t.co/‚Ä¶
62,remotejobsninja,"New Remote Job üèÜüëáüèª

 Customer Success Specialist https://t.co/Tp36i7EKcM #remotejobs #remoteworking #workfromhome #homejobs #remotejob"
63,davidndana,Make money from the 90% who say NO to you! How in the world? Grab this GOLD NUGGET RICH pdf today.  Click here (delivery in FB Messenger):  https://t.co/2APk4zEEd2  #WorkFromHome #MakeMoneyOnline https://t.co/mBFpLwiaXq
64,zobjobsUS,"Customer Service Representative
at AvalonBay Communities
Overview Do you have a passion for creating compelling and meaningful customer experiences Are ...
#CustomerService #workfromhome #avalonbay
https://t.co/gOJMiApIut"
65,Urn1d10t,You work 4 @tesla or @SpaceX go look in the mirror and find a #elonbitch. the #moderndayslavery is not worth it. #resistcapitalism #workfromhome @elonmusk
66,farfel54,RT @Drawntothe80s: Working from home today as Christine Ebersole as Katerina Cavalieri from Amadeus. #christineebersole #katerinacavalieri‚Ä¶
67,workingbnb,RT @RMT_OfficeNews: How to make remote work your long-term strategy https://t.co/D94o6cWpCh #remoteofficenews #remoteofficechat #remotework‚Ä¶
68,career_vault,RT @golangprojects: Golang job: #Golang Backend Engineer (#Remote - APAC Time Zone) at Mangtas [@OfficialMangtas] #RemoteWork üá∏üá¨ https://t.‚Ä¶
69,workingbnb,RT @RMT_OfficeNews: Austin: A Must-Stop For Remote Workers #remoteofficenews #remoteofficechat #remotework #Austin #returntooffice #wellnes‚Ä¶
70,career_vault,"RT @remotejobsninja: New Remote Job üèÜüëáüèª

 Paid Social Manager https://t.co/TOX0Fowmgy #remotejobs #remote #remoteworking #workfromhome #hom‚Ä¶"
71,RMT_OfficeNews,How to make remote work your long-term strategy https://t.co/D94o6cWpCh #remoteofficenews #remoteofficechat #remotework #strategy #worklifebalance #office #remotejobs #jobs #homeoffice #wfh #workfromhome
72,ProdVoice,"Did you know this about open spaces?

#nooffice
#homeoffice
#workfromhome
#nozbeteams
#ipadonly
#personalproductivity
#productivity 
#GTD https://t.co/covsKL1kEq"
73,apinaud,"Did you know this about open spaces?

#nooffice
#homeoffice
#workfromhome
#nozbeteams
#ipadonly
#personalproductivity
#productivity 
#GTD https://t.co/KE1yB5MNJV"
74,cool_golang,RT @golangprojects: Golang job: #Golang Backend Engineer (#Remote - APAC Time Zone) at Mangtas [@OfficialMangtas] #RemoteWork üá∏üá¨ https://t.‚Ä¶
75,RMT_OfficeNews,Austin: A Must-Stop For Remote Workers #remoteofficenews #remoteofficechat #remotework #Austin #returntooffice #wellness #health #worklifebalance #office #remotejobs #jobs #homeoffice #wfh #workfromhome #forbes  https://t.co/n041S2yUGF
76,davidndana,"Would you love to be your own boss, start a your own business, and work from home? Why not live your dream? Be your own boss! ~ https://t.co/PpBOksR9Mp #workfromhome #startanonlinebusiness"
77,jobsviatweet,"RT @WantRemoteJob: New #remote #job Head of Demand Generation/Product Owner Permanent employee, Full-time ¬†¬∑¬† Remote at @giantswarm
https:/‚Ä¶"
78,jobsviatweet,"RT @diginnovators: Our team is expanding, and we want you to be a part of it.
It is a Permanent Remote-Work Opportunity !  #hiring #hiringn‚Ä¶"
79,Srinu_Kavati7,"Simple, forward this to your boss if they ask you to come to office for work,
and look for another WFH...
#WFH #WorkFromHome #resignationletter #work https://t.co/GsXNLf3NNe"
80,golangprojects,Golang job: #Golang Backend Engineer (#Remote - APAC Time Zone) at Mangtas [@OfficialMangtas] #RemoteWork üá∏üá¨ https://t.co/EjR4bAY5dE #wfh #remotejob #workfromhome
81,jameshicksmlm,#WorkFromHome #NetworkMarketingSponsoring #InternetMarketing If you want considerably more sales opportunities and sign ups you then need to find out acquiring the traffic ; https://t.co/59dun8wO1S  #OnlineMarketing https://t.co/DqlzB2od1v
82,javascriptd,"RT @diginnovators: Our team is expanding, and we want you to be a part of it.
It is a Permanent Remote-Work Opportunity !  #hiring #hiringn‚Ä¶"
83,ValerySobolev,"RT @WantRemoteJob: New #remote #job Head of Demand Generation/Product Owner Permanent employee, Full-time ¬†¬∑¬† Remote at @giantswarm
https:/‚Ä¶"
84,Prosper_Kenn,RT @larrykearney1: Have a look FREE GET PAID $900 DAILY https://t.co/iBY98vHHHf #workathome #workfromhome #homebusiness #internetmarketing‚Ä¶
85,jd96031036,"Make money online doing what you already do.
#OnlineJobs  #smallbusiness #WorkFromHome #WorkFromAnywhere #WorkFromHomeJobs #remotework #remotejobs #remoteworking #RemoteJob #makemoneyonline #Online #MONEY #job #work #JobSearch https://t.co/wZdksEl95f"
86,twentytenmedia,"RT @m0tivation_HQ: I MADE $7000 UNDER 4 MONTHS FREE EBOOOK DOWNLOAD https://t.co/sFiizUC2XB

#makemoneyonline #makemoney #workfromhome #ear‚Ä¶"
87,Biznocrats,"Do you know that by using Webtalk social media website you get opportunity to earn income daily?
For more info visit https://t.co/NgDiL592DD

#dailyincome #dailyearnings #socialmedia #socialnetworking #mchongo #biashara #selfemploy #workfromhome #makingmoneyinsocialmedia #money https://t.co/DVlGqS3vt7"
88,larrykearney1,Have a look FREE GET PAID $900 DAILY https://t.co/iBY98vHHHf #workathome #workfromhome #homebusiness #internetmarketing #onlinejobs #makemoneyonline
89,m0tivation_HQ,"I MADE $7000 UNDER 4 MONTHS FREE EBOOOK DOWNLOAD https://t.co/sFiizUC2XB

#makemoneyonline #makemoney #workfromhome #earnmoney #work #jobs #free #ebook #download #free-ebookdownload #affiliatemarketing https://t.co/tNt1LMc7Vq"
90,TOANguy,Stay At Home Dad - https://t.co/GSL2WfK4Ks #mlmleads #mlmtips #mlmsuccess #leadgen #dailypay #affiliate #opportunity #bizopp #homebusiness #homebased #stayathomemom #stayathomedad #workfromhome #homebasedjob #incomefromhome #downline #bigal #affiliates #opp https://t.co/SG1bkJFLDF
91,marketingking4,"Business Strategies - Requirements For Online Marketing Success
Everything You Need To Create Your Dream Online Business!
https://t.co/gUilzyvQYC
#Marketing #Business #OnlineMarketing #MakeExtraMoney #WorkFromHome https://t.co/sRAWdcRhLm"
92,remotejobsninja,"New Remote Job üèÜüëáüèª

 Paid Social Manager https://t.co/TOX0Fowmgy #remotejobs #remote #remoteworking #workfromhome #homejobs #remotejob"
93,WishingRocks,Remote Work From Home Jobs Full Time | Travel Concierge Specialist https://t.co/WDNnJuY5aX via @YouTube #remotework #remotejobs #WorkFromHome #WorkFromHomeJobs
94,LevaDuell,Top 6 Reasons to Get Into Medical Billing &amp; Coding #medicalcoding #medicalbilling #workfromhome #jobs #wahm #Moms https://t.co/sfLbvJGlsg https://t.co/NI9a1JIRHd
95,m0tivation_HQ,"Share Links And Make Easy #Money üëâ https://t.co/FHUcCkf3yX

#makemoneyonline¬†#makemoney¬†#workfromhome¬†#earnmoney¬†#work¬†#jobs #free¬†#ebook¬†#download #free-ebookdownload #affiliatemarketing https://t.co/CN7ry9UmCu"
96,hiringnowintech,RT @remotewxcom: ‚ú® Work remotely as a Site Reliability Engineer at Zapier https://t.co/KXl86aOY0D #RemoteJobs #TechJobs #WorkFromAnywhere #‚Ä¶
97,remotewxcom,‚ú® Work remotely as a Site Reliability Engineer at Zapier https://t.co/KXl86aOY0D #RemoteJobs #TechJobs #WorkFromAnywhere #WorkFromHome #WFH #JobAlert #ITJobs
98,ProdVoice,"You don't need to have multiple devices

#nooffice
#homeoffice
#workfromhome
#nozbeteams
#ipadonly
#personalproductivity
#productivity 
#GTD https://t.co/NokqaiuMI2"
99,apinaud,"You don't need to have multiple devices

#nooffice
#homeoffice
#workfromhome
#nozbeteams
#ipadonly
#personalproductivity
#productivity 
#GTD https://t.co/GJC5CTYfNl"
100,grahampaul096,"Win A free Make Money online Business In a box! Are you ready to start your affiliate marketing
business today? Thanks to @grahampaul096 and @appzthatrock: Enter now! #makemoneyonlne #affiliatemarketing #workfromhome https://t.co/yeOcJwUnac"
101,the__hustlerguy,"RT @Therealpleasur1: üßµüßµ‚¨áÔ∏è

#Side #hustle &amp; multiple income streams beat a financial recession.

Don't wait until it's too late:
Start build‚Ä¶"
102,abzephyr,"A #WorkFromHome success story.

By Dennis Dames

https://t.co/s6Hg79QrPA https://t.co/cNTfYCTtBZ"
103,dailytrafficmac,#MLMsuccess #WorkFromHome #NetworkMarketingRecruiting This important strategy will reveal precisely how to positively invite visitors to a work-from-home business https://t.co/A9AF6Q9G0V https://t.co/onM5mJ4xIf
104,hiringnowintech,RT @remotewxcom: ‚ú® SafeGraph is now looking for a remote Data Platform Engineer https://t.co/QssMni5jM8 #RemoteJobs #TechJobs #WorkFromAnyw‚Ä¶
105,HiringCare,RT @remotewxcom: ‚ú® SafeGraph is now looking for a remote Data Platform Engineer https://t.co/QssMni5jM8 #RemoteJobs #TechJobs #WorkFromAnyw‚Ä¶
106,remotewxcom,‚ú® SafeGraph is now looking for a remote Data Platform Engineer https://t.co/QssMni5jM8 #RemoteJobs #TechJobs #WorkFromAnywhere #WorkFromHome #WFH #JobAlert #ITJobs
107,m0tivation_HQ,"TYPE NAMES AND EARN $200 TO $500 FREE EBOOK DOWNLOAD https://t.co/SLa22SwJ5q

#makemoneyonline #makemoney #workfromhome #earnmoney #work #jobs #free #ebook #download #free-ebookdownload #affiliatemarketing https://t.co/tlRRoNdjbD"
108,MilitaryAutoSrc,RT @johngottschalk: Hiring! Come join our Financial Services Group team. Position will be work from home after in-person training in our Wo‚Ä¶
109,AskCoco4Arise,Apply now to work for #AskCocoCommunicationsAVirtualStaffingAgency as #Client #Support Professional in #WorkFromHome! #job https://t.co/JjqJJ4Womp https://t.co/gYwRcQtFnj
110,rawalprashant26,"RT @Therealpleasur1: üßµüßµ‚¨áÔ∏è

#Side #hustle &amp; multiple income streams beat a financial recession.

Don't wait until it's too late:
Start build‚Ä¶"
111,rawalprashant26,"RT @MotivatedMind7: https://t.co/UPIFpKmNjd

https://t.co/nUablrakpi

#makemoney #makemoneyonline #workfromhome #affiliate #affiliatemarket‚Ä¶"
112,rawalprashant26,"RT @AlexandrEdgers: My idea of perfect happiness is a healthy family, peace between nations, and all the critics die. - David Mamet

#work‚Ä¶"
113,PleasureOlie1,"üßµüßµ‚¨áÔ∏è

#Side #hustle &amp; multiple income streams beat a financial recession.

Don't wait until it's too late:
Start building now.

#ASUU #OBIdients #business #marketing #affiliatemarketing #sales #WorkFromHome #watermelon #Presidential"
114,TankCareer,"üëâ For onboarding, can ping our support team or send Name, City, E-Mail ID to whatsapp: https://t.co/JkfmlGaD0E or Telegram: @socialrise or E-mail: support@socialrise.in

#workfromhome #online #onlinejobs #jobs #India https://t.co/iF75pgv4Vl"
115,WAHMRevolution,"I've found numerous ways to bring in extra cash and save money, as well as a number of home business opportunities that can be started on a budget. #workathome #workfromhome #sidegigs #sidehustles #sidegig #sidehustle #moms #momlife #dads  https://t.co/n9dDtLTH7I @WAHMRevolution"
116,MotivatedMind7,"https://t.co/UPIFpKmNjd

https://t.co/nUablrakpi

#makemoney #makemoneyonline #workfromhome #affiliate #affiliatemarketing https://t.co/dNHiVVleIX"
117,AlexandrEdgers,"My idea of perfect happiness is a healthy family, peace between nations, and all the critics die. - David Mamet

#workfromhome,#influencer,#bitcoin,#affiliatemarketing,#digitalmarketing,#socialmedia,#motivation,#gifts,#businessgoals,#pinterest"
118,jobsviatweet,RT @WAHMRevolution: Today's Fresh Work at Home Job Leads are Live! #workathome #workfromhome #workathomejobs #workfromhomejobs #moms #dads‚Ä¶
119,remotejobsninja,"New Remote Job üèÜüëáüèª

 Video Content Creator Video https://t.co/EwcnnInsFu #remotejobs #remoteworking #workfromhome #homejobs #remotejob"
120,zobjobsCA,"Full Stack Developer
at Tata Consultancy Services
Skills Required Must have years of JavaJ2EE development handson troubleshooting and deployment experience Must have y...
#FullStackDeveloper #workfromhome 
https://t.co/cwLv91ww7t"
121,VanessaWFH,"KETO BUDGET LUNCH MEAL PREP ‚Äì $ 2.09 per serving ‚Äì baked chicken drumsticks and broccoli #WorkingRemotely #WorkFromHome #WorkFromHomeLifeStyle #LunchPrep [Video]

https://t.co/lppVxIRxQD"
122,BaileyComm1,"Join our Team Today! Set your own schedule, and be your own boss. 
#workfromhome #remotejobs #virtualassistance #upwork #beyourownboss #momlife #bosslady #callcenter https://t.co/D90C6jqCvN"
123,weworkremotely,"üåè New Remote Job!  WalletConnect: Full-Stack Javascript Engineer  apply here: 
https://t.co/M23azzLnpm

#remotework #remotejobs #workfromhome #wfh #remoteworking #futureofwork"
124,weworkremotely,"üåè New Remote Job!  Wordwall: Senior Front-End .NET Developer  apply here: 
https://t.co/fnZkReBS3m

#remotework #remotejobs #workfromhome #wfh #remoteworking #futureofwork"
125,HiringCare,RT @WAHMRevolution: Today's Fresh Work at Home Job Leads are Live! #workathome #workfromhome #workathomejobs #workfromhomejobs #moms #dads‚Ä¶
126,weworkremotely,"New Remote All Other Remote Job! Doximity: Medical Illustrator 
Apply here! https://t.co/oSC5R7gzkG
#remotework #remotejobs #workfromhome #wfh #remoteworking #futureofwork"
127,WAHMRevolution,Today's Fresh Work at Home Job Leads are Live! #workathome #workfromhome #workathomejobs #workfromhomejobs #moms #dads #hiring #hiringnow #jobsearch #jobalert https://t.co/mULfEtFWG5 via @WAHMRevolution
128,apinaud,"If we don't mark the precise place where we want to reach, our lives pass without the feeling that we accomplished something.

#nooffice
#homeoffice
#workfromhome
#nozbeteams
#ipadonly
#personalproductivity
#productivity 
#GTD https://t.co/RccgCYq0Hs"
129,ProdVoice,"If we don't mark the precise place where we want to reach, our lives pass without the feeling that we accomplished something.

#nooffice
#homeoffice
#workfromhome
#nozbeteams
#ipadonly
#personalproductivity
#productivity 
#GTD https://t.co/N9EPSbzo9S"
130,CodingDodo,Tons of developers love working from home üè°. Now many companies want to go back to the old ways. Good luck with that üôÑ. #WorkFromHome #WorkFromAnywhere
131,hiringnowintech,"RT @MK_Ent_BTK: MK Enterprises is hiring property agents in Bahria Town.

#jobalert #jobshiring #opportunity #motivation #marketing #sales‚Ä¶"
132,MK_Ent_BTK,"MK Enterprises is hiring property agents in Bahria Town.

#jobalert #jobshiring #opportunity #motivation #marketing #sales #newjob #success #workfromhome #education #jobposting #covid #training #india #cv #internship #recruiters #bhfyp #itjobs #joinourteam #technology #jobfair https://t.co/V71PjKFQM4"
133,sme_rt,"RT @DjMarcoAndre: #Artist, Content Creator, Small #Business Support &amp; #Education Center at Dragonfly Kingdom Library

https://t.co/ueIghFq6‚Ä¶"
134,DjMarcoAndre,"#Artist, Content Creator, Small #Business Support &amp; #Education Center at Dragonfly Kingdom Library

https://t.co/ueIghFq6DG

#fitness #promotion #training #workfromhome @FameRTR #fitfam #rtItBot  @rttanks @Pulse_Rts @Rapid__RTs @RexRTs @sme_rt
@Social_Pro_Mote  
@SGH_RTs @DynoRTs https://t.co/M7t3auGq0N"
135,Kh527q,"RT @OmasteWitkowski: Melting Gold... GET IT: https://t.co/oS1h5aT50a
#meltinggold #goldart #goldstandard #gold #golden #goldisgood #artwork‚Ä¶"
136,akasa_tech,"With a built in ultra thin fan, it ensures the SSDs remain cool and continue to work efficiently.  

#newproductlaunch #workfromhome https://t.co/DBiRl7WXL2"
137,AlexandrEdgers,"When I was young I didn't care about education, just money and box office. - Jackie Chan

#businesses,#affiliatemarketingforbeginners,#sales,#digitalmarketingtips,#onlinemarketing,#homebusiness,#workfromhome,#onlinemarketing,#onlinebusiness,#onlinemarketing"
138,PM_Results,Don't make a costly mistake.   We describe the top 21 features you should be looking for when buying a project management package https://t.co/ec6v6JB3Vo #PM #PMOT #remotework #projectmanagement #wfh #workfromhome #futureofwork #remotePM https://t.co/IX2YR4zRkz
139,TravisJLoizos,"‚ÄúThere are still so many issues with social media,‚Äù Smith says, citing filters that allow users to alter their image in photos and videos. https://t.co/AtHM6IzMpx via @entrepreneur #entrepreneur #workfromhome #onlinebusiness #socialmediamarketing #makemoneyonline"
140,remotejobsninja,"New Remote Job üèÜüëáüèª

 UX UI Designer Title: https://t.co/QR5Lr0MJUy #remotejobs #remote #remoteworking #workfromhome #homejobs #remotejob"
141,MayhemMarriage,"RT @MayhemMarriage: Do not settle for less when you can overcome the world.
Read more here: https://t.co/9L1QBfFwbx
#workfromhome #workatho‚Ä¶"
142,TechjobApp,"üì£ #JobAlert

üßë‚Äçüíª Senior ‚Äì #javascript and #prototype
üèôÔ∏è Piper Companies
ü™ô $2,770 / m
üè† #WorkFromHome ‚Äì Remote

Apply now! https://t.co/C7B3L7wbl8

#hiring #jobs #technology #software"
143,TechjobApp,"üì£ #JobAlert

üßë‚Äçüíª Junior ‚Äì #javascript and #prototype
üèôÔ∏è Piper Companies
ü™ô $2,020 / m
üè† #WorkFromHome ‚Äì Remote

Apply now! https://t.co/esZIHVgGqv

#hiring #jobs #technology #software"
144,Marketi93387465,A video about FREE MAKE $695 IN MINUTES https://t.co/hVcGvrtOEC #workathome #workfromhome #homebusiness #internetmarketing #onlinejobs #makemoneyonline
145,TechjobApp,"üì£ #JobAlert

üßë‚Äçüíª Intermediate ‚Äì #javascript and #prototype
üèôÔ∏è Piper Companies
ü™ô $2,270 / m
üè† #WorkFromHome ‚Äì Remote

Apply now! https://t.co/HSyMmk6eHq

#hiring #jobs #technology #software"
146,VACafeOnline,"RT @VACafeOnline: Protect Your Assets! https://t.co/LFGYNMJ04Z

#VACO1MinuteSnippet #virtualassistant #virtuallifestyle #workfromhome #VACa‚Ä¶"
147,CherieR444,"Remote Job Hiring!! 
#workfromhome #shortvideo  https://t.co/7P5keohSQJ"
148,KhalturaDotCom,"Looking for a job? https://t.co/4DV2JS9Qab

#Jobs #JobsInEgypt #WorkFromHome #JobsInSaudiArabia #WorkOnline #JobsInDubai #JobsInQatar #freelancing #ÿπŸÖŸÑ_ÿπŸÑŸâ_ÿßŸÑÿ•ŸÜÿ™ÿ±ŸÜÿ™ #ÿπŸÖŸÑ_ŸÖŸÜ_ÿßŸÑŸÖŸÜÿ≤ŸÑ #Ÿàÿ∏ÿßÿ¶ŸÅ_ŸÖÿµÿ± #Ÿàÿ∏ÿßÿ¶ŸÅ #Ÿàÿ∏ÿßÿ¶ŸÅ_ÿßŸÑÿ≥ÿπŸàÿØŸäÿ© #Ÿàÿ∏ÿßÿ¶ŸÅ_ÿßŸÑÿ•ŸÖÿßÿ±ÿßÿ™ #Ÿàÿ∏ÿßÿ¶ŸÅ_ŸÇÿ∑ÿ± #Ÿàÿ∏ÿßÿ¶ŸÅ_ÿØÿ®Ÿä #Ÿàÿ∏ÿßÿ¶ŸÅ_ÿ≠ŸÉŸàŸÖŸäÿ©"
149,blackecodev,RT @blackecodev: More shoppers want to buy online. This is going to continue even after the pandemic. üí•But how can you launch or grow your‚Ä¶
150,ronariverah,"Click here https://t.co/HfAGHOivmF

#affiliatemarketing #onlinebusiness #affiliate  #makemoneyonline #entrepreneur #workfromhome #affiliatemarketer #onlinemarketing #makemoney #socialmediamarketing #affiliateprogram #affiliatemarketingtraining #earnmoney  #in... https://t.co/QjHP8kJc71"
151,LyliaRose,"Apps &amp; other ways to make extra cash from home: https://t.co/QccOlxtTv0

#makemoneyonline #workfromhome https://t.co/GNvJce3e5O"
152,IncomeWebsites5,RT @IncomeWebsites5: 06-17-2022 #WorkFromHome 06-14-2022 Recommended Project Management Templates - PRO Version Set Marketing and Sales The‚Ä¶
153,Consultingator,"How Vanda Made $23K In 15 Days While Still Working At Her Job

Watch the video here: https://t.co/3d4pmSLfMX

#entrepreneur #workfromhome https://t.co/ExN7ED8OqM"
154,aandlmasters,"Whether you‚Äôre looking for a little extra cushion in your bank account each month or wanting to build a brand-new career, you have options. Work when and where you want to. Ask me how I am doing it. #workfromhome #healthyliving #beyourownboss https://t.co/SBBYb9Ateg"
155,MyKetoCoachTips,"üí∞ KETO BUSINESS &gt; Pruvit Promoter Business Benefits - Testimonials, How to Start etc. https://t.co/d5fukQ9aZI #business #workfromhome #entrepreneur #keto #networkmarketing #mlm #story https://t.co/PZfMd3UQbA"
156,ProdVoice,"Art will try to create his own technology card

#nooffice
#homeoffice
#workfromhome
#nozbeteams
#ipadonly
#personalproductivity
#productivity 
#GTD https://t.co/FKG7cE91yh"
157,sanders_stay,"Work at your own pace. Work at your own place. Anytime and anywhere. Follow us for more home offices away from home. 

#sandersstay #workfromhome #notocommute #copenhagen #workbetter https://t.co/t9SVjGZCqc"
158,remotefportugal,"Shopify Ecommerce Technical Lead
 @ 
Trellis eCommerce Agency 

https://t.co/fPMCTLSSlv

#ecommerce  #front end  #tech lead  #workfromhome #remotework #remote"
159,apinaud,"Art will try to create his own technology card

#nooffice
#homeoffice
#workfromhome
#nozbeteams
#ipadonly
#personalproductivity
#productivity 
#GTD https://t.co/uYDFoanNTx"
160,OmasteWitkowski,"Melting Gold... GET IT: https://t.co/oS1h5aT50a
#meltinggold #goldart #goldstandard #gold #golden #goldisgood #artwork #abstractartwork #contemporaryart #officeart #artforinteriors #hospitalityart #interiordesignideas #moderninteriors #contemporarydesign #workfromhome #artforhome https://t.co/EBmev0kHvE"
161,hiringnowintech,RT @remotewxcom: ‚ú® Work remotely as a Head of Brand Design at Hotjar https://t.co/eDRMABJShC #RemoteJobs #TechJobs #WorkFromAnywhere #WorkF‚Ä¶
162,remotewxcom,‚ú® Work remotely as a Head of Brand Design at Hotjar https://t.co/eDRMABJShC #RemoteJobs #TechJobs #WorkFromAnywhere #WorkFromHome #WFH #JobAlert #ITJobs
163,weworkremotely,"üåè New Remote Job!  WalletConnect: Site Reliability Engineer  apply here: 
https://t.co/5SXWf3Tw93

#remotework #remotejobs #workfromhome #wfh #remoteworking #futureofwork"
164,its_revealed,"If you are interested then fill the below form:-
https://t.co/AeK2YBgHhj
#internship #fresher #marketing #finance #WorkFromHome #hiring https://t.co/to23lISdTk"
165,IncomeWebsites5,06-18-2022 #WorkFromHome wpsuccesstools Wordpress #Wordpress || How to and Systems to Make Money Online Working from Home from Affiliate Marketing to Forex Shared with You by MakeMoneyOnline4Beginners https://t.co/hqouoS1eHs
166,BizPartnerMag,"Without the surrounding support of an in-person office full of colleagues, some #Employees may find it difficult to get excited about and invested in their everyday work. #workingfromhome #motivation #workfromhome https://t.co/gKA2fBsOPq via @pinterest"
167,DigitalHRMS,"Is Work From Home a challenge for your recruitment team? Request Free Trial to discover why Digital HRMS is the solution https://t.co/6txI43w7Vj.
#DigitalHRMS #HR #HumanResources #HRSoftware #WorkFromHome #WFH #RemoteWork #Recruitment #Hiring #RemoteHiring #RemoteOnboarding https://t.co/CpdBFuhESk"
168,iamAkmal_1993,"plz sign up to this below link

https://t.co/06inYDlUVP

#Online  #emoney #makemoneyonline  #makemoneyfromhome  #WorkFromHome  #cryptocurrency #Pride #extraincome #websites #YouTuber #Twitter #Facebook #Instagram #WhatsApp #marketing  #Viral #TREASURE_Ï≤≠Ï∂òÌéòÏä§Ìã∞Î≤å2022_DDAY"
169,tjsadventures,The best part about my job is choosing when I get to work. With a flexible schedule I can work a little or lot without feeling guilty. Ask me how.  #workfromhome #directsales https://t.co/vSiQL3Qeyy
170,MultiplynAgency,"Zoom is a video conferencing platform that runs in the cloud and can be used for video conferencing meetings, audio conferencing, webinars, meeting recordings, and live chat.

#zoom #businesstool #video #audio #onlinemeeting #freelancing #workfromhome #onlinebusiness #webinars https://t.co/GwSUzoVULY"
171,remotejobsninja,"New Remote Job üèÜüëáüèª

 Content Writer Content Writer https://t.co/zscma5jTSv #remotejobs #remoteworking #workfromhome #homejobs #remotejob"
172,weworkremotely,"üåè New Remote Job!  Paymentology: Culture and Engagement Director  apply here: 
https://t.co/4TgEKIFPzV

#remotework #remotejobs #workfromhome #wfh #remoteworking #futureofwork"
173,SptsGuy1,"#work from #home Links to WORKING FROM HOME #workathome #workfromhome
https://t.co/CwCnljqKJ5 https://t.co/Glr1h5Od6k"
174,weworkremotely,"üåè New Remote Job!  MailerLite: Email Designer  apply here: 
https://t.co/SaB25cziuK

#remotework #remotejobs #workfromhome #wfh #remoteworking #futureofwork"
175,weworkremotely,"üåè New Remote Job!  TestDome: Senior Backend Engineer - .NET, Docker  apply here: 
https://t.co/N2gCStt4qW

#remotework #remotejobs #workfromhome #wfh #remoteworking #futureofwork"
176,weworkremotely,"üåè New Remote Job!  TestDome: Full-Stack Developer (Vue.js, https://t.co/alZOYsn6qc Core) with UI/UX design experience  apply here: 
https://t.co/uw8vhAMGM1

#remotework #remotejobs #workfromhome #wfh #remoteworking #futureofwork"
177,weworkremotely,"New Remote Sales and Marketing Job! Lemonpie: Public Relations Manager 
Apply here! https://t.co/6zaKGfotJD
#remotework #remotejobs #workfromhome #wfh #remoteworking #futureofwork"
178,weworkremotely,"New Remote All Other Remote Job! Clevertech: Senior Executive Assistant 
Apply here! https://t.co/DpbKrbTH3E
#remotework #remotejobs #workfromhome #wfh #remoteworking #futureofwork"
179,career_vault,"RT @WantRemoteJob: New #remote #job Solution Marketing Manager Permanent employee, Full-time ¬†¬∑¬† Remote at @giantswarm
https://t.co/0TdaO1a‚Ä¶"
180,Ethan_laurent87,"RT @clever_time: Income = Unlimited!
Working Hours = When convenient to you!
Affiliate Marketing = FREEDOM!!
#affiliatemarketingforbeginner‚Ä¶"
181,LevelUpCoachMM,Are You Branding Yourself In Your Social Media Marketing? https://t.co/rjY67ZAoQG #socialmediamarketing #workfromhome
182,affiliatriches,What does it take to become a millionaire? Uncover the secrets here: https://t.co/9IDJ299N86 #internetmarketing #WorkFromHome #affiliateprogram #WorkFromHomeJobs https://t.co/mZIF9jr0pm
183,AlexandrEdgers,"Great thoughts speak only to the thoughtful mind, but great actions speak to all mankind. - Theodore Roosevelt

#discount,#marketing,#bitcoin,#affiliatemarketing,#deals,#motivation,#jvzoo,#doge,#passiveincome,#workfromhome"
184,jobsviatweet,"RT @WantRemoteJob: New #remote #job Solution Marketing Manager Permanent employee, Full-time ¬†¬∑¬† Remote at @giantswarm
https://t.co/0TdaO1a‚Ä¶"
185,jobsviatweet,"RT @careerbarn: Restaurant job openings on Careerbarn. Apply to Crew Member, Customer Service Associate, Manager, Cashier, Server and more!‚Ä¶"
186,careerbarn,"Restaurant job openings on Careerbarn. Apply to Crew Member, Customer Service Associate, Manager, Cashier, Server and more! #jobopenings #jobs #hiring #workfromhome #employers https://t.co/mzlkmoI0Kb"
187,AlexandrEdgers,"I wanted to be famous. I wanted people to talk about me. - Haile Gebrselassie

#affiliate,#digitalmarketingtips,#bitcoin,#deal,#makemoneyonline,#facebook,#instagram,#makemoneyonline,#jvzoo,#workfromhome"
188,JavnetG,Style for new moms. Javnet Group https://t.co/5AVmq43XzO #bags #business #fashion #moms #shapewear #wallets #womenaccessories #workfromanywhere #workfromhome https://t.co/bJUS5gVwzq
189,WantRemoteJob,"New #remote #job Solution Marketing Manager Permanent employee, Full-time ¬†¬∑¬† Remote at @giantswarm
https://t.co/0TdaO1aZ3e
#remotework #vacancy #remotejob #hiring #workfromhome"
190,FongMore,"Home Office Simple Folding Computer Desk Home Decor 
$99.99 
https://t.co/Uq1YFe9H80
#workfromhome #homeofficeideas #homeoffice #standdesk #laptoptable #computerdesk #fongmore https://t.co/3xhEx5yaz2"
191,WebEmployed,8 Online Platforms to Sell Pre-Owned Designer Handbags https://t.co/FYuNxz7P7z #workfromhome #makemoneyonline #wahm #jobs
192,remotejobsninja,"New Remote Job üèÜüëáüèª

 Content Writer https://t.co/kd8bI4UcVr #remotejobs #remote #remoteworking #workfromhome #homejobs #remotejob"
193,Diabetes_Secret,Check this out FREE GET PAID $700 DAILY https://t.co/5Imc9wHDqI #workathome #workfromhome #homebusiness #internetmarketing #onlinejobs #makemoneyonline
194,BilalAn90517091,"RT @kainat37947252: üñã Put your priorities on your calendar, before someone put their on. Some times opportunities don't happen you creat th‚Ä¶"
195,workingmumkitty,"‚ÄúExplore the crazy, embrace the wild.‚Äù -Lisa Messenger https://t.co/4JrWvvPfpB

#WorkingMumKitty #onlinebusiness #workfromhome #extraincome #onlinejobs #smallbusiness #homebasedbusiness #homebased #adventure #life #weekend #happyquotes #quotes #saturday #saturdayvibes https://t.co/CQ0gqIAMtC"
196,dailytrafficmac,#BizTips #WorkFromHome Copy these valuable traffic developing ways to receive unlimited prospects to keenly contact relating to your home business https://t.co/DEmFBcx62N https://t.co/S3o7nPvwAa
197,hie_shivam,"RT @instaminutes: Say goodbye to the stress that comes with user interview notes. With Instaminutes, you can easily summarize boring user i‚Ä¶"
198,dating677,Have a look FREE GET PAID $700 IN 60 SECONDS https://t.co/znnnRB9Bnp #workathome #workfromhome #homebusiness #internetmarketing #onlinejobs #makemoneyonline
199,abates04,"RT @AnkerWork: FREE AnkerWork PowerConf S500 Speakerphone GIVEAWAY! üéâ

If you would like to participate in the giveaway, LIKE &amp; RT this twe‚Ä¶"
200,Hody00501599,"Work From Home (US)
 Take surveys and get paid at Survey Voices! : https://t.co/94YOOqt1dN
#WorkFromHome #WorkFromHomeNews #makemoneyfromhome #USA https://t.co/71N7y8g6nr"
201,AlexandrEdgers,"When hope is not pinned wriggling onto a shiny image or expectation, it sometimes floats forth and opens. - Anne Lamott

#startup,#bitcoin,#shop,#sidehustle,#onlinebusiness,#makemoney,#makemoney,#workfromhome,#discount,#affiliatemarketer"
202,abcfreetime,"Whether you‚Äôre looking for a little extra cushion in your bank account each month or wanting to build a brand-new career, you have options. Work when and where you want to. Ask me how I am doing it. #workfromhome #healthyliving #beyourownboss https://t.co/3BGLf2RJlW"
203,grahampaul096,"Win A free Make Money online Business In a box! Are you ready to start your affiliate marketing
business today? Thanks to @grahampaul096 and @appzthatrock: Enter now! #makemoneyonlne #affiliatemarketing #workfromhome https://t.co/l0stJ0CTPy"
204,PM_Results,"Virtually every package we've reviewed delivers more than Zoom - and the paying versions are better too! 
https://t.co/bpSBpRD4yq #remotework #remotejobs #wfh #workfromhome #futureofwork #digitalnomad #homeoffice  #zoommeetings #business https://t.co/1zzUF4eQfJ"
205,marcusp11,"Increase in applications to blame for passport long lineups. We are to believe this, just like we are to believe long line ups at airports are because of inexperienced passengers? Ya, ok then. #cdnpoli #workfromhome #COVID #COVIDVACCINE #TrudeauIsDestroyingCanada https://t.co/Kt517dGog3"
206,kainat37947252,"üñã Put your priorities on your calendar, before someone put their on. Some times opportunities don't happen you creat them ü§ò so, stop wishing; start workingüíª üìà

#affiliatemarketer #OnlineBusiness #WorkFromHome #Pride #DreamBig #BeYourOwnBoss 
#affiliates"
207,IncomeWebsites5,06-18-2022 #WorkFromHome 06-17-2022 Recommended Project Management Templates - PRO Version Set Marketing and Sales The Most Popular Downloads and Information #MarketingandSales || Increase Sales - Why You Need Help with Your Web Page and Other Sales Copy‚Ä¶ https://t.co/PlIpfqllV4
208,mymoneytips,Winning At Retargeting: Tips to Reconnect &amp;... - https://t.co/lnyOi1iMH3 #workfromhome #earnonline #businessgrowth #career #smm #moneyonline #digitalbusiness #residualincome #affiliatestrategy #Earncash
209,jameshickstwi,#MakeMoneyOnline #WorkFromHome Customers are the basis of the business this is actually a approach to contact a large amount of them https://t.co/RzkSpaokUz https://t.co/cYF8xjgOUA
210,AlexandrEdgers,"As far as men go, it is not what they are that interests me, but what they can become. - Jean-Paul Sartre

#affiliatemarketer,#shopping,#workfromhome,#marketing,#gifts,#businessgrowth,#facebook,#businessgoals,#giftideas,#tumblr"
211,FNAnetwork,"Learn How here
https://t.co/Lg3VgkKjEH
#makemoneyonline #WorkFromHome #entrepreneur #success #AffiliateMarketing #socialmediamarketing #emailmarketing #makemoneyfromhome #makemoney #freedom #laptoplifestyle #millionairemindset https://t.co/MYgMkZCpJ6"
212,jameshickstwi,Accomplishments by going online necessitates you to be more smart and often just like this guide here https://t.co/kyMDCaV4u8 #ChangeYourLife #MakeYourOwnLane #LifeLessons #WorkFromHome https://t.co/vcoMRGR4ZW
213,workingbnb,"RT @WantRemoteJob: New #remote #job Head of Demand Generation/Product Owner Permanent employee, Full-time ¬†¬∑¬† Remote at @giantswarm
https:/‚Ä¶"
214,mymoneytips,Thinking of Starting a Blog? Read These 10 Expert... - https://t.co/qtSu2i2YQH #wealthyaffiliate #Marketonline #Sales #homebiz #income #workathome #workfromhome #affiliatetips #selfemployed #wealthy
215,WantRemoteJob,"New #remote #job Head of Demand Generation/Product Owner Permanent employee, Full-time ¬†¬∑¬† Remote at @giantswarm
https://t.co/MDzKX4cBzr
#remotework #vacancy #remotejob #hiring #workfromhome"
216,remotejobsninja,"New Remote Job üèÜüëáüèª

 Software Engineer https://t.co/T2zTLh2Lzl #remotejobs #remoteworking #workfromhome #homejobs #remotejob"
217,IAMSieSmith,#blackgirlmagic #digitalcontentcreator #journaling #blogging #blacklivesmatter #planner #springtime #etsy #faith #successful #workfromhome #officedesign #blackgirlluxury #blackgirltiktok #viralpost #explorepage #ipad #computer #luxxlife #selfcare #shop #printable #calendar https://t.co/GpUATI3jSR
218,IncomeWebsites5,RT @IncomeWebsites5: 06-17-2022 #WorkFromHome 06-14-2022 New Recommended Project Report Templates Marketing and Sales The Most Popular Down‚Ä¶
219,career_vault,"RT @WantRemoteJob: New #remote #job SMB Account Executive (US East) at @gitlab
https://t.co/6VFGKrhIou
#vacancy #remotejob #workfromhome"
220,career_vault,"RT @remotejobsninja: New Remote Job üèÜüëáüèª

 Software Engineer Staff https://t.co/yIPLLYILWw #remotejobs #remote #remoteworking #workfromhome‚Ä¶"
221,weworkremotely,"New Remote DevOps and Sysadmin Job! Swimlane: Site Reliability Engineer (SRE) 
Apply here! https://t.co/WGaJoom1hq
#remotework #remotejobs #workfromhome #wfh #remoteworking #futureofwork"
222,JAnjum733,"‚ñ∂Ô∏èDigital Marketing
‚ñ∂Ô∏èInternet marketing
Join StepUp Tech for answers to all these questions.
Grand demo session
#digital #marketing #digitalmarketing #KinzaMusa #StepUpTech #freelancing #earn #work #jobs #hiring #services #workfromhome #workonline #socialmediamanager #upwork https://t.co/pURugEjxAB"
223,PenkraftTweets,"Become a #PenkraftCertifiedTeacher¬Æ for #CoffeePainting and #WorkFromHome! 

Be part of a growing brand with immense goodwill.

+91 7304044597.

https://t.co/Ft4T9lFmRD 

#PenkraftTeachersTraining #WomenEmpowerment #TeachersTraining #PenkraftTraining #CertifiedTeacher https://t.co/KrbMg4e2wa"
224,AlexandrEdgers,"Courage is found in unlikely places. - J. R. R. Tolkien

#deal,#growthhackers,#earnmoney,#amazon,#workfromhome,#sales,#facebook,#dogecoin,#business,#influencer"
225,JAnjum733,"RT @stepuplearning_: ‚ñ∂Ô∏èDigital Marketing
‚ñ∂Ô∏èInternet marketing
Join StepUp Tech for answers to all these questions.
Grand demo session
#digi‚Ä¶"
226,nazishkhalid241,"If you feel that unhealthy habits are holding you back and affecting your productivity and efficiency, don't worry. This article is a complete guide to maximizing your work-from-home productivity.
#WorkFromHome #work #Productivity #careeradvice 

https://t.co/brSivBNf56 https://t.co/iGcsOSzu14"
227,Naveen_farmer,"1000 Days Challenge üëçüå≤üå≥üå¥ü™¥üçÄ‚òòÔ∏è
#farmhouse #friends #naveengarden #wfh #farmstay #workfromhome 
#naveenkrishnan #friends #aquarium #fishes #Trichy #petslove #pets #barbeque #partyhall #gettogether #familygettogather #trending #Trichyentertainment #bbq #weekendvibes #sundayfun https://t.co/JxXnyds1PH"
228,StellaSanLF,"RT @StellaYeahilike: #ad Lovely Friends, Welcome you to check out #workfromhome #Mindset #kindle #book 
https://t.co/JXq8exysFB it is not a‚Ä¶"
229,crowdsurfturk,"Soooo many HITs in the #Spanish queue!! What are you waiting for? Get in there!

#workfromhome #Spanish #bilingual #transcribers #CrowdSurf"
230,EinfachTommyDE,"Ein eigener Garten ist was ganz Tolles haben sie gesagt... Welcome to the real #greenhell 

#RealLife #summer #gardenflipper #SummerVibes #WorkFromHome https://t.co/g9iiYkrO0k"
231,StartGrowthHack,"Benefits of Online Board Meeting Software:
- Manage remote meetings
- Perfect way for communication
- Better governance opportunity
- ...

#RemoteWork #RemoteWorkers #WFH #WorkFromHome

https://t.co/iwmVYt40vY"
232,MervynChilcott2,"RT @LucyJCWinters: #WorkFromHome

They only want you back in the office so that you can spend money on trains, pret and city center offices‚Ä¶"
233,bubbles4tw,"RT @homebalancer: Helping You Reach Your Goals! 50% Off! &gt; https://t.co/w6VaX8qY3n

#lifestyle #lifegoals #career #homebusiness #DIY #homet‚Ä¶"
234,WantRemoteJob,"New #remote #job SMB Account Executive (US East) at @gitlab
https://t.co/6VFGKrhIou
#vacancy #remotejob #workfromhome"
235,ElyaneYoussef,11 Work-From-Home Tips that will Help us Stay Productive without Burning Out. https://t.co/ceRLyzDbAD via @elephantjournal #workfromhome #articles #stories #published #publisher #publish #author
236,AmimAkhtar3,"Quit making excuses.Don't put yourself in the circle of questions.Come forward and push yourself. and grow. If you want really earn money just by using Instagram or Facebook then üëáDM me i will suggest you best platform #affilatemarketing #WorkFromHome 
https://t.co/9Jm2KPTmMv https://t.co/3xCxgekLee"
237,Ltonline_,"Ladies, can you relate? üòÇ

#june #wireless #wirelesscampaign #baseus #lancetrend #democracy #lagos #Nigeria #technology #computers #quotes #hardwork #workfromhome #trending https://t.co/0GQri3ZCde"
238,remotejobsninja,"New Remote Job üèÜüëáüèª

 Software Engineer Staff https://t.co/yIPLLYILWw #remotejobs #remote #remoteworking #workfromhome #homejobs #remotejob"
239,CareerP73149025,"üëâ For onboarding, can ping our support team or send Name, City, E-Mail ID to whatsapp: https://t.co/UqL7pGIYg5 or Telegram: @socialrise or E-mail: support@socialrise.in
#workfromhome #online #onlinejobs #jobs #India https://t.co/gTfunR88l7"
240,homebalancer,"Helping You Reach Your Goals! 50% Off! &gt; https://t.co/w6VaX8qY3n

#lifestyle #lifegoals #career #homebusiness #DIY #hometips #ceo #money #productivity  #consultant #branding #growthhacking #SEO #geek #socialmediatools #workfromhome #webdesign #brandchat  #Entrepreneurship https://t.co/YkQT4ddy8a"
241,IncomeWebsites5,RT @IncomeWebsites5: 06-17-2022 #WorkFromHome 06-14-2022 Feasibility Study Templates - Pro Version | worldofpm Marketing and Sales The Most‚Ä¶
242,Milly820124,"Heya by @omni_furniture  is perfect for shared, community spaces where team members come to connect and collaborate.#power

We anticipate a lot of creative brainstorming happening in this space. ü§©

#officedesign #officefurniture #workplacedesign #workfromhome https://t.co/6kTXoVzCiU"
243,ChamberPlanON,"As a business owner, you're probably facing tougher decisions than ever before. You don't have to make them alone. #ChambersPlan comes with professional consulting on financial, legal and HR challenges. Ask us how https://t.co/KxVFsZgsxe
#employeebenefits #business #workfromhome https://t.co/4ftRvpHEUR"
244,the__hustlerguy,RT @jamaalb_nyc: Day 170/365 Speak into yourself I am #motivation #bronxcreditguy #mindset #Saturday #iam #weekend #mornings #viralvideo‚Ä¶
245,TheStartupDoctr,RT @mymoneytips: Cowboys news: Dorance Armstrong identified as Dallas‚Äô... - https://t.co/vq3UHhr7Rb #workfromhome #Blogging #ecommerce #aff‚Ä¶
246,IncomeWebsites5,06-18-2022 #WorkFromHome 06-17-2022 New Recommended Project Report Templates Marketing and Sales The Most Popular Downloads and Information #MarketingandSales || Increase Sales - Why You Need Help with Your Web Page and Other Sales Copy to Increase Your‚Ä¶ https://t.co/4NThyeCVJH
247,LizaShelina,"The taste of money in the cash app account is like looking into the eyes of a shy lover!
If you want to taste, go to the website and register.
https://t.co/lJuJ3M83ou

#cashapp #CashAppFriday #cashback #makemoneyfromhome #WorkFromHome #makemoneyonline https://t.co/RqXzUAs7Bf"
248,mymoneytips,Cowboys news: Dorance Armstrong identified as Dallas‚Äô... - https://t.co/vq3UHhr7Rb #workfromhome #Blogging #ecommerce #affiliate #onlinebiz #affiliatemarketer #onlinemarketing #workathome #promotion #bizop
249,mymoneytips,Money tip: 7 apps that pay for your opinions and time - Komando - https://t.co/jQFXj7q81p #cash #digital #workfromhome #moneymaking #contentmarketing #Sales #makemoney #Onlinejobs #Internetbusiness #webmarketing
250,RoxyJeeper,"I‚Äôve learned so much over the past 2 1/2 years.
The most important to me is that I have the ability to work from home.
With gas prices right now, I struggle to drive to my office 3 days a week. 
Hybrid work makes a happier employee, more productivity and retention. #WorkFromHome https://t.co/e1qizPeB4n"
251,ancreatures,"RT @TechjobApp: üì£ #JobAlert

üßë‚Äçüíª Senior ‚Äì #python and #aws
üèôÔ∏è Grammarly
ü™ô $4,897 / m
üè† #WorkFromHome ‚Äì Remote

Apply now! https://t.co/MNhU‚Ä¶"
252,AlexandrEdgers,"No rational argument will have a rational effect on a man who does not want to adopt a rational attitude. - Karl Popper

#workfromhome,#pinterest,#homebusiness,#gift,#workfromhome,#deal,#website,#motivation,#socialmedia,#clickbank"
253,remotejobsninja,"New Remote Job üèÜüëáüèª

 Senior Growth Engineer Title: https://t.co/HoTvpn1cR9 #remotejobs #remoteworking #workfromhome #homejobs #remotejob"
254,EasytoRetire,How to Start a Blog That Makes Money - Your 7 Quick Steps to The Bank! ~~&gt; https://t.co/DWwrf7BAUc reTweet plz #blogging #bloggingtips #WorkFromHome https://t.co/0NR0kfPNIs
255,adultwebmasterz,"Your Own Adult 100% Turnkey Website! 

We Help You Build Your Own Brand-Content, Billing, Stats 

Click Here for Details ‚ñ∫ https://t.co/NN35qmXVyn

- Only $395
- Fast Online Setup
- Setup time: 2 business days
- Weekly Deposits

#WorkFromHome #MakeMoney https://t.co/edDZY8X2O4"
256,parakramsingh4,"Just my little corner of sanity these days!
#workcorner #WorkFromHome #WorkFromAnywhere https://t.co/oUKqbC28tt"
257,hiyarlormorwhu1,"If you're not on this earning platform, you're missing a lot. It's very real and legit. Easy to operate, quick payment upon approval. Very easy as ABC #taskrena #passiveincome #workfromhome - Follow this link: https://t.co/fz7K2OCvM0 https://t.co/EPkyVkMuhW"
258,jobsviatweet,"RT @WantRemoteJob: New #remote #job Junior Accountant at @1Password
https://t.co/rClzXcVlnx
#vacancy #remotejob #hiring #workfromhome"
259,weworkremotely,"New Remote Front-End Programming Job! AgencyAnalytics: Frontend Engineer - React, Reporting 
Apply here! https://t.co/TR3PIetwxo
#remotework #remotejobs #workfromhome #wfh #remoteworking #futureofwork"
260,weworkremotely,"New Remote Front-End Programming Job! AgencyAnalytics: Frontend Engineering Manager, Reporting 
Apply here! https://t.co/gdUqCnHan0
#remotework #remotejobs #workfromhome #wfh #remoteworking #futureofwork"
261,jamaalb_nyc,Day 170/365 Speak into yourself I am #motivation #bronxcreditguy #mindset #Saturday #iam #weekend #mornings #viralvideo   #grind #hustle #wealthmindset #Millionairemindset #wealth #finacialliteracy #10x #workfromhome #creditrepair #fixyourcredit  #credit #Entrepreneur #yerr https://t.co/AAdrR5VCDn
262,EthicalBySarah,"When I say now is the best time to become an Independent Consultant with The Body Shop At Home, here‚Äôs why‚Ä¶

‚Ä¢ NEW Personalised Website - NEW Business Hub - The Body Shop Social - FREE Training - FREE Products - Much more‚Ä¶.

Sign up here;
https://t.co/ico932iJKL

#workfromhome https://t.co/0ccio9LBz2"
263,Workingnomad1,Associate Social Community &amp; Culture Manager at Skillshare https://t.co/Ed6shTvblT #remotejobs #jobs #nomad #workfromhome #digitalnomad #newjobs
264,Workingnomad1,Digital Sales Representative at Inside https://t.co/wG8D1OKyzC #remotejobs #jobs #nomad #workfromhome #digitalnomad #newjobs
265,Workingnomad1,Product Manager at WorkOS https://t.co/KbJqpou3VC #remotejobs #jobs #nomad #workfromhome #digitalnomad #newjobs
266,Workingnomad1,Senior Marketing Operations Manager at InVision https://t.co/ZGwnyA609W #remotejobs #jobs #nomad #workfromhome #digitalnomad #newjobs
267,ICTPulse,"Hybrid work, and how to find the balance between onsite and remote work https://t.co/5xYK5UqztV 

#hybridwork #remotework #WorkFromHome #backtowork"
268,TheWealthZone,#WorkFromHome #NetworkMarketingRecruiting #InternetMarketing This unique amazing website creation program will teach you tips to construct a recruitment frenzy by using social websites https://t.co/8ZPCUR66sm https://t.co/xqfOlvajeW
269,weworkremotely,"üåè New Remote Job!  Clevertech: React Motion Developer  apply here: 
https://t.co/Mmswo48Yei

#remotework #remotejobs #workfromhome #wfh #remoteworking #futureofwork"
270,thenickyh,"It's
All
Just
Work 

#WorkFromHome #RemoteWork #HybridWork #WorkFromAnywhere #FutureOfLiving #Office #ReturnToOffice #Tesla #HR #HRCommunity"
271,zobjobsGB,"Social Worker - Adult Services - Learning Disabilities Team
at East Lothian Council
Vacancy Information Ensure you read the in...
#WorkFromHome #remoteworking 
https://t.co/8vj5YaVJzL"
272,Jebalpesopicu,"üíõNew LIDL Platform, started this month!
üü¢Similiar to old WISH app.
‚ù§Ô∏èBut They pay much more!
‚úÖRegistration: https://t.co/e4I3YzJybG

#money #work #workfromhome #business #job https://t.co/YaSQlm80ZT"
273,AlexandrEdgers,"As long as you are being true to yourself, you will always find happiness. - Amber Riley

#earnmoney,#jvzoo,#businesstips,#digitalmarketingtips,#discount,#instagram,#workfromhome,#dogecoin,#advertising,#influencermarketing"
274,TorivoJobs,"RT @CreativeCareer9: üëâ For onboarding, can ping our support team or send Name, City, E-Mail ID to whatsapp: https://t.co/6OHeCTDeW7 or Tele‚Ä¶"
275,Planet_Chad,"RT @OmasteWitkowski: Sunset Pastures... GET IT: https://t.co/5VVDq1kMqM

#sunsetpastures #countryliving #countrylife #sunset #sunsetart #su‚Ä¶"
276,CreativeCareer9,"üëâ For onboarding, can ping our support team or send Name, City, E-Mail ID to whatsapp: https://t.co/6OHeCTDeW7 or Telegram: @socialrise or E-mail: support@socialrise.in

#workfromhome #online #onlinejobs #jobs #India https://t.co/EU0VpGNo4i"
277,AlexandrEdgers,"He's a man of great common sense and good taste - meaning thereby a man without originality or moral courage. - George Bernard Shaw

#marketing,#workfromhome,#businessgrowth,#seo,#jvzoo,#shop,#jvzoo,#onlineshopping,#businesstip,#discount"
278,workingbnb,"RT @remotejobsninja: New Remote Job üèÜüëáüèª

 Manager of Software Engineering https://t.co/qams4JoE4M #remotejobs #remoteworking #workfromhome‚Ä¶"
279,WantRemoteJob,"New #remote #job Junior Accountant at @1Password
https://t.co/rClzXcVlnx
#vacancy #remotejob #hiring #workfromhome"
280,bznesmn,Making $100 multiple times daily has never been this easy!!üëâüèº https://t.co/ZfjKWHdsAc #workfromhome #dailyincome
281,remotejobsninja,"New Remote Job üèÜüëáüèª

 Manager of Software Engineering https://t.co/qams4JoE4M #remotejobs #remoteworking #workfromhome #homejobs #remotejob"
282,TravisJLoizos,"On Tuesday, the company sent an ominous morning email, stating there would be significant layoffs, but not indicating who would be affected. https://t.co/9zDZ75OpE1 via @entrepreneur #workfromhome #entrepreneur #onlinebusiness #socialmediamarketing #makemoneyonline"
283,davidndana,"Are you juggling a job, a household, and a home business? Save time by getting prospects to come to you! ~ https://t.co/dYq0FfDtfM  #WorkFromHome #SocialMedia"
284,JWgroup_biz,"Are you ready to change your life? 
Learning a new skill can be hard but we are dedicated to teaching you the right way so you can be successful with your online business.
#affiliate #digitalmarketing #makemoneyonline #workfromhome
https://t.co/Q9IgWxgXsa https://t.co/3ikPzwiSMF"
285,grahampaul096,"Win A free Make Money online Business In a box! Are you ready to start your affiliate marketing
business today? Thanks to @grahampaul096 and @appzthatrock: Enter now! #makemoneyonlne #affiliatemarketing #workfromhome https://t.co/jpyiQuu057"
286,VACafeOnline,"RT @VACafeOnline: Don't Be Cheap - It's a disservice to you AND your client(s)! https://t.co/UBH134lbsk

#VACO1MinuteSnippet #virtualassist‚Ä¶"
287,Up2staff,"Want to work as a remote FullTime Virtual Assistant @ Fun Ecom Co | Great People &amp;amp; Flexible Hours at JLS Trading Co. ? #WorkFromHome #CustomerSupport

https://t.co/iTGfxQsFwF"
288,IncomeWebsites5,06-18-2022 #WorkFromHome 06-17-2022 Feasibility Study Templates - Pro Version | worldofpm Marketing and Sales The Most Popular Downloads and Information #MarketingandSales || Increase Sales - Why You Need Help with Your Web Page and Other Sales Copy to‚Ä¶ https://t.co/R9znSim4qW
289,cpittapa,"RT @grahampaul096: Win A free Make Money online Business In a box! Are you ready to start your affiliate marketing
business today? Thanks t‚Ä¶"
290,HiringCare,"RT @diginnovators: Our team is expanding, and we want you to be a part of it.
It is a Permanent Remote-Work Opportunity !  #hiring #hiringn‚Ä¶"
291,diginnovators,"Our team is expanding, and we want you to be a part of it.
It is a Permanent Remote-Work Opportunity !  #hiring #hiringnow   #jobopenings #diginnovators #job #remotework #remotejob #workfromhome #indian #linkedin #trending #opportunity #work #team #webengineer #reactjs #angularjs https://t.co/agrTxbn8bC"
292,Arthanomics2022,"From meetings in conference rooms to meetings on virtual platforms, technological advancement has come a long way. 

#arthanomics #arthanomics2022 #jhc #jaihindcollege #mumbai #fest #students #economics #meetings #online #workfromhome #zoom #communication 

#revolvetoevolve https://t.co/EnGTl7IUgz"
293,jobsviatweet,"RT @WantRemoteJob: New #remote #job Protech - Solution Consultant/Data Analyst(Remote US Based) at @jacksonriver
https://t.co/L9xw89VfJU
#r‚Ä¶"
294,zobjobsUS,"Associate Project Manager, Field Construction (Full-Time Remote or Hybrid)
at TARGET
Working at Target means the ...
#WorkFromHome #remotejobs 
https://t.co/j1VwwpoXlB"
295,remotejobsninja,"New Remote Job üèÜüëáüèª

 Senior Revenue Accountant https://t.co/Kr6WQjOdxQ #remotejobs #remote #remoteworking #workfromhome #homejobs #remotejob"
296,CryptoBull3366,"RT @unifarm_: ü§îFeeling stuck in an 8X8 cubicle and unable to feel the fresh air in your face?

Well, here's some good news for you!
UniFarm‚Ä¶"
297,zobjobsUS,"Customer Service Representative/CSR - Remote
at Safelite AutoGlass
Position Customer Service Representative CSR Remote in Arizona Does th...
#WorkFromHome #remoteworking 
https://t.co/jY7psSHc3w"
298,workingbnb,"RT @weworkremotely: New Remote Design Job! Frameable: Designer 
Apply here! https://t.co/pUt5KRNz9t
#remotework #remotejobs #workfromhome #‚Ä¶"
299,career_vault,"RT @WantRemoteJob: New #remote #job Protech - Solution Consultant/Data Analyst(Remote US Based) at @jacksonriver
https://t.co/L9xw89VfJU
#r‚Ä¶"
